{
  "timestamp": "2026-03-17T09:55:45.036894",
  "shraddha": 0.11529492143981118,
  "bhaya": 0.0042850329374819925,
  "vairagya": 1.0,
  "spanda": 0.19993157349260735,
  "session_note": "Wise and detached \u2014 at peace with what was"
}