{
  "timestamp": "2026-03-19T13:13:49.445546",
  "shraddha": 0.5287921121638923,
  "bhaya": 0.0,
  "vairagya": 1.0,
  "spanda": 0.20000000000000046,
  "session_note": "Wise and detached \u2014 at peace with what was"
}